orden-inicio,orden,Nombre,Vinculación,Texto,Fecha,Imagen,color-testi,color-tipo
4,1,Víct,Ento,Hijo,7 abril,https://s3.ppllstatics.com/rc/www/multimedia/2026/01/21/atocha.png,#767676,#C7A44A
5,2,Jose,Ento,Herm,7 abril,https://s3.ppllstatics.com/rc/www/multimedia/2026/01/21/atocha.png,#767676,#C7A44A
8,3,Álva,Adju,Ases,7 abril,https://s3.ppllstatics.com/rc/www/multimedia/2026/01/21/atocha.png,#767676,#2F5D50
39,4,Igna,Ento,Fina,7 abril,https://s3.ppllstatics.com/rc/www/multimedia/2026/01/21/atocha.png,#767676,#4B3A2F
40,5,Virg,Ento,Muje,7 abril,https://s3.ppllstatics.com/rc/www/multimedia/2026/01/21/atocha.png,#767676,#4B3A2F
41,6,Javi,Ento,Homb,7 abril,https://s3.ppllstatics.com/rc/www/multimedia/2026/01/21/atocha.png,#767676,#4B3A2F
43,7,Luis,Ento,Soci,7 abril,https://s3.ppllstatics.com/rc/www/multimedia/2026/01/21/atocha.png,#767676,#4B3A2F
44,8,Migu,Ento,Empr,7 abril,https://s3.ppllstatics.com/rc/www/multimedia/2026/01/21/atocha.png,#767676,#4B3A2F
65,9,Jési,Jési,Exno,7 abril,https://s3.ppllstatics.com/rc/www/multimedia/2026/01/21/atocha.png,#767676,#767676
66,10,Ana ,Jési,Resp,7 abril,https://s3.ppllstatics.com/rc/www/multimedia/2026/01/21/atocha.png,#767676,#767676
67,11,Albe,Jési,ex d,7 abril,https://s3.ppllstatics.com/rc/www/multimedia/2026/01/21/atocha.png,#767676,#767676
9,12,Ósca,Adju,Fue ,8 abril,https://s3.ppllstatics.com/rc/www/multimedia/2026/01/21/atocha.png,#767676,#2F5D50
10,13,Angé,Adju,Secr,8 abril,https://s3.ppllstatics.com/rc/www/multimedia/2026/01/21/atocha.png,#767676,#2F5D50
11,14,José,Adju,Dire,8 abril,https://s3.ppllstatics.com/rc/www/multimedia/2026/01/21/atocha.png,#767676,#2F5D50
12,15,Ampa,Adju,Fue ,8 abril,https://s3.ppllstatics.com/rc/www/multimedia/2026/01/21/atocha.png,#767676,#2F5D50
13,16,Isaí,Adju,Expr,8 abril,https://s3.ppllstatics.com/rc/www/multimedia/2026/01/21/atocha.png,#767676,#2F5D50
42,17,Marí,Ento,Madr,8 abril,https://s3.ppllstatics.com/rc/www/multimedia/2026/01/21/atocha.png,#767676,#4B3A2F
45,18,Raqu,Ento,Admi,8 abril,https://s3.ppllstatics.com/rc/www/multimedia/2026/01/21/atocha.png,#767676,#4B3A2F
48,19,Igna,Ento,Empr,8 abril,https://s3.ppllstatics.com/rc/www/multimedia/2026/01/21/atocha.png,#767676,#4B3A2F
69,20,Clau,Clau,Es e,8 abril,https://s3.ppllstatics.com/rc/www/multimedia/2026/01/21/atocha.png,#767676,#767676
70,21,Enri,Clau,Fue ,8 abril,https://s3.ppllstatics.com/rc/www/multimedia/2026/01/21/atocha.png,#767676,#767676
7,22,Arán,Ento,Empl,9 abril,https://s3.ppllstatics.com/rc/www/multimedia/2026/01/21/atocha.png,#767676,#C7A44A
14,23,Serg,Adju,Exse,9 abril,https://s3.ppllstatics.com/rc/www/multimedia/2026/01/21/atocha.png,#767676,#2F5D50
46,24,Merc,Ento,Admi,9 abril,https://s3.ppllstatics.com/rc/www/multimedia/2026/01/21/atocha.png,#767676,#4B3A2F
47,25,Javi,Ento,Admi,9 abril,https://s3.ppllstatics.com/rc/www/multimedia/2026/01/21/atocha.png,#767676,#4B3A2F
49,26,Carm,Ento,Soci,9 abril,https://s3.ppllstatics.com/rc/www/multimedia/2026/01/21/atocha.png,#767676,#4B3A2F
50,27,Leon,Ento,Hija,9 abril,https://s3.ppllstatics.com/rc/www/multimedia/2026/01/21/atocha.png,#767676,#4B3A2F
51,28,Césa,Ento,Soci,9 abril,https://s3.ppllstatics.com/rc/www/multimedia/2026/01/21/atocha.png,#767676,#4B3A2F
6,29,Patr,Ento,Exes,13 abril,https://s3.ppllstatics.com/rc/www/multimedia/2026/01/21/atocha.png,#767676,#C7A44A
15,30,Igna,Adju,Ases,13 abril,https://s3.ppllstatics.com/rc/www/multimedia/2026/01/21/atocha.png,#767676,#2F5D50
16,31,Javi,Adju,Exdi,13 abril,https://s3.ppllstatics.com/rc/www/multimedia/2026/01/21/atocha.png,#767676,#2F5D50
17,32,Alej,Adju,Exof,13 abril,https://s3.ppllstatics.com/rc/www/multimedia/2026/01/21/atocha.png,#767676,#2F5D50
18,33,Juan,Adju,Actu,13 abril,https://s3.ppllstatics.com/rc/www/multimedia/2026/01/21/atocha.png,#767676,#2F5D50
19,34,Jesú,Adju,Exsu,13 abril,https://s3.ppllstatics.com/rc/www/multimedia/2026/01/21/atocha.png,#767676,#2F5D50
38,35,Enri,Supe,Pres,13 abril,https://s3.ppllstatics.com/rc/www/multimedia/2026/01/21/atocha.png,#767676,#2F5D5060
52,36,Isra,Ento,Puso,13 abril,https://s3.ppllstatics.com/rc/www/multimedia/2026/01/21/atocha.png,#767676,#4B3A2F
53,37,Javi,Ento,Uno ,13 abril,https://s3.ppllstatics.com/rc/www/multimedia/2026/01/21/atocha.png,#767676,#4B3A2F
54,38,Clau,Ento,Soci,13 abril,https://s3.ppllstatics.com/rc/www/multimedia/2026/01/21/atocha.png,#767676,#4B3A2F
55,39,Manu,Ento,Admi,13 abril,https://s3.ppllstatics.com/rc/www/multimedia/2026/01/21/atocha.png,#767676,#4B3A2F
56,40,Fran,Ento,ExCE,13 abril,https://s3.ppllstatics.com/rc/www/multimedia/2026/01/21/atocha.png,#767676,#4B3A2F
57,41,Juan,Ento,Cons,13 abril,https://s3.ppllstatics.com/rc/www/multimedia/2026/01/21/atocha.png,#767676,#4B3A2F
58,42,José,Ento,Admi,13 abril,https://s3.ppllstatics.com/rc/www/multimedia/2026/01/21/atocha.png,#767676,#4B3A2F
68,43,Jose,Jési,Expe,13 abril,https://s3.ppllstatics.com/rc/www/multimedia/2026/01/21/atocha.png,#767676,#767676
75,44,Manu,Desc,Sin ,13 abril,https://s3.ppllstatics.com/rc/www/multimedia/2026/01/21/atocha.png,#767676,#767676
76,45,José,Desc,Sin ,13 abril,https://s3.ppllstatics.com/rc/www/multimedia/2026/01/21/atocha.png,#767676,#767676
77,46,Rosa,Desc,Sin ,13 abril,https://s3.ppllstatics.com/rc/www/multimedia/2026/01/21/atocha.png,#767676,#767676
20,47,Carl,Adju,Cond,14 abril,https://s3.ppllstatics.com/rc/www/multimedia/2026/01/21/atocha.png,#767676,#2F5D50
30,48,Luis,Adju,Nuev,14 abril,https://s3.ppllstatics.com/rc/www/multimedia/2026/01/21/atocha.png,#767676,#2F5D50
31,49,Mich,Adju,Exdi,14 abril,https://s3.ppllstatics.com/rc/www/multimedia/2026/01/21/atocha.png,#767676,#2F5D50
32,50,Víct,Adju,Exje,14 abril,https://s3.ppllstatics.com/rc/www/multimedia/2026/01/21/atocha.png,#767676,#2F5D5060
33,51,Fran,Adju,Dire,14 abril,https://s3.ppllstatics.com/rc/www/multimedia/2026/01/21/atocha.png,#767676,#2F5D5060
21,52,Isab,Adju,Exse,15 abril,https://s3.ppllstatics.com/rc/www/multimedia/2026/01/21/atocha.png,#767676,#2F5D50
22,53,Alfr,Adju,Fue ,15 abril,https://s3.ppllstatics.com/rc/www/multimedia/2026/01/21/atocha.png,#767676,#2F5D50
23,54,Javi,Adju,Exdi,15 abril,https://s3.ppllstatics.com/rc/www/multimedia/2026/01/21/atocha.png,#767676,#2F5D50
24,55,Álva,Adju,Exse,15 abril,https://s3.ppllstatics.com/rc/www/multimedia/2026/01/21/atocha.png,#767676,#2F5D50
25,56,Fran,Adju,Expr,15 abril,https://s3.ppllstatics.com/rc/www/multimedia/2026/01/21/atocha.png,#767676,#2F5D50
26,57,Belé,Adju,Exje,15 abril,https://s3.ppllstatics.com/rc/www/multimedia/2026/01/21/atocha.png,#767676,#2F5D50
59,58,Íñig,Ento,Titu,15 abril,https://s3.ppllstatics.com/rc/www/multimedia/2026/01/21/atocha.png,#767676,#4B3A2F
71,59,José,Guar,Subt,15 abril,https://s3.ppllstatics.com/rc/www/multimedia/2026/01/21/atocha.png,#767676,#767676
27,60,Ana ,Adju,Secr,21 abril,https://s3.ppllstatics.com/rc/www/multimedia/2026/01/21/atocha.png,#767676,#2F5D50
34,61,Rafa,Adju,Exse,21 abril,https://s3.ppllstatics.com/rc/www/multimedia/2026/01/21/atocha.png,#767676,#2F5D5060
37,62,Juan,Adju,Expr,21 abril,https://s3.ppllstatics.com/rc/www/multimedia/2026/01/21/atocha.png,#767676,#2F5D5060
60,63,Marí,Ento,Secr,21 abril,https://s3.ppllstatics.com/rc/www/multimedia/2026/01/21/atocha.png,#767676,#4B3A2F
61,64,Manu,Empr,Pres,21 abril,https://s3.ppllstatics.com/rc/www/multimedia/2026/01/21/atocha.png,#767676,#767676
72,65,Rubé,Guar,Coma,21 abril,https://s3.ppllstatics.com/rc/www/multimedia/2026/01/21/atocha.png,#767676,#767676
73,66,Juan,Carg,Exje,21 abril,https://s3.ppllstatics.com/rc/www/multimedia/2026/01/21/atocha.png,#767676,#767676
28,67,Rica,Adju,Exje,22 abril,https://s3.ppllstatics.com/rc/www/multimedia/2026/01/21/atocha.png,#767676,#2F5D50
29,68,Pedr,Adju,Secr,22 abril,https://s3.ppllstatics.com/rc/www/multimedia/2026/01/21/atocha.png,#767676,#2F5D50
35,69,Fran,Adju,Actu,22 abril,https://s3.ppllstatics.com/rc/www/multimedia/2026/01/21/atocha.png,#767676,#2F5D5060
36,70,Ánge,Adju,Actu,22 abril,https://s3.ppllstatics.com/rc/www/multimedia/2026/01/21/atocha.png,#767676,#2F5D5060
62,71,José,Empr,Dueñ,22 abril,https://s3.ppllstatics.com/rc/www/multimedia/2026/01/21/atocha.png,#767676,#767676
63,72,Mari,Pago,Exge,22 abril,https://s3.ppllstatics.com/rc/www/multimedia/2026/01/21/atocha.png,#767676,#767676
64,73,Celi,Pago,Es s,22 abril,https://s3.ppllstatics.com/rc/www/multimedia/2026/01/21/atocha.png,#767676,#767676
74,74,Carl,Carg,Ex j,22 abril,https://s3.ppllstatics.com/rc/www/multimedia/2026/01/21/atocha.png,#767676,#767676
1,75,José,,,28 abril,,,#7A1E2E
2,76,Kold,,,28 abril,,,#7A1E2E
3,77,De A,,,28 abril,,,#7A1E2E
